Document_ID,Source_ID,Relationship_Type,Target_ID,Weight,Dependency
BI_Lecture_4,BI_SYSTEM_concept:data_task,IS_SUBCONCEPT_OF,BI_SYSTEM_concept:business_intelligence_systems,4,3
BI_Lecture_4,BI_SYSTEM_concept:business_and_data_understanding_task,IS_SUBCONCEPT_OF,BI_SYSTEM_concept:business_intelligence_systems,4,3
BI_Lecture_4,BI_SYSTEM_concept:modeling_task,IS_SUBCONCEPT_OF,BI_SYSTEM_concept:business_intelligence_systems,4,3
BI_Lecture_4,BI_SYSTEM_concept:analysis_task,IS_SUBCONCEPT_OF,BI_SYSTEM_concept:business_intelligence_systems,4,3
BI_Lecture_4,BI_SYSTEM_concept:evaluation_and_reporting_task,IS_SUBCONCEPT_OF,BI_SYSTEM_concept:business_intelligence_systems,4,3
BI_Lecture_4,BI_SYSTEM_concept:imine_method,IS_SUBCONCEPT_OF,BI_SYSTEM_concept:business_intelligence_systems,3,2
BI_Lecture_4,BI_SYSTEM_concept:visualizing_amounts,IS_SUBCONCEPT_OF,BI_SYSTEM_concept:fundamental_of_visualization,4,3
BI_Lecture_4,BI_SYSTEM_concept:visualizing_proportions,IS_SUBCONCEPT_OF,BI_SYSTEM_concept:fundamental_of_visualization,4,3
BI_Lecture_4,BI_SYSTEM_concept:visualizing_distributions,IS_SUBCONCEPT_OF,BI_SYSTEM_concept:fundamental_of_visualization,4,3
BI_Lecture_4,BI_SYSTEM_concept:visualizing_associations,IS_SUBCONCEPT_OF,BI_SYSTEM_concept:fundamental_of_visualization,4,3
BI_Lecture_4,BI_SYSTEM_concept:visualizing_time_series,IS_SUBCONCEPT_OF,BI_SYSTEM_concept:fundamental_of_visualization,4,3
BI_Lecture_4,BI_SYSTEM_concept:visualizing_trends,IS_SUBCONCEPT_OF,BI_SYSTEM_concept:fundamental_of_visualization,4,3
BI_Lecture_4,BI_SYSTEM_concept:visualizing_geospatial_data,IS_SUBCONCEPT_OF,BI_SYSTEM_concept:fundamental_of_visualization,4,3
BI_Lecture_4,BI_SYSTEM_concept:visualizing_uncertainty,IS_SUBCONCEPT_OF,BI_SYSTEM_concept:fundamental_of_visualization,4,3
BI_Lecture_4,BI_SYSTEM_concept:data_task,NEXT,BI_SYSTEM_concept:business_and_data_understanding_task,3,2
BI_Lecture_4,BI_SYSTEM_concept:business_and_data_understanding_task,NEXT,BI_SYSTEM_concept:modeling_task,3,2
BI_Lecture_4,BI_SYSTEM_concept:modeling_task,NEXT,BI_SYSTEM_concept:analysis_task,3,2
BI_Lecture_4,BI_SYSTEM_concept:analysis_task,NEXT,BI_SYSTEM_concept:evaluation_and_reporting_task,3,2
BI_Lecture_5,BI_TECHNOLOGY_EVOLUTION_concept:data_warehouse,REQUIRES,BI_TECHNOLOGY_EVOLUTION_concept:database_systems,5,5
BI_Lecture_5,BI_TECHNOLOGY_EVOLUTION_concept:etl,REQUIRES,BI_TECHNOLOGY_EVOLUTION_concept:data_integration,4,4
BI_Lecture_5,BI_TECHNOLOGY_EVOLUTION_concept:olap,REQUIRES,BI_TECHNOLOGY_EVOLUTION_concept:data_warehouse,3,3
BI_Lecture_5,BI_TECHNOLOGY_EVOLUTION_concept:scd,REQUIRES,BI_TECHNOLOGY_EVOLUTION_concept:dimension_modeling,4,4
BI_Lecture_5,BI_TECHNOLOGY_EVOLUTION_concept:etl,NEXT,BI_TECHNOLOGY_EVOLUTION_concept:olap,2,1
BI_Lecture_5,BI_TECHNOLOGY_EVOLUTION_concept:data_warehouse,SIMILAR_TO,BI_TECHNOLOGY_EVOLUTION_concept:operational_data_store,2,1
BI_Lecture_5,BI_TECHNOLOGY_EVOLUTION_concept:scd,IS_SUBCONCEPT_OF,BI_TECHNOLOGY_EVOLUTION_concept:data_warehouse,3,2
Doc_001,CLASSIFICATION___CLUSTERING___ASSOCIATION_TECHNIQUES_topic:data_mining,IS_SUBCONCEPT_OF,CLASSIFICATION___CLUSTERING___ASSOCIATION_TECHNIQUES_topic:business_intelligence,4,3
Doc_001,CLASSIFICATION___CLUSTERING___ASSOCIATION_TECHNIQUES_concept:classification,IS_SUBCONCEPT_OF,CLASSIFICATION___CLUSTERING___ASSOCIATION_TECHNIQUES_topic:data_mining,4,3
Doc_001,CLASSIFICATION___CLUSTERING___ASSOCIATION_TECHNIQUES_concept:clustering,IS_SUBCONCEPT_OF,CLASSIFICATION___CLUSTERING___ASSOCIATION_TECHNIQUES_topic:data_mining,4,3
Doc_001,CLASSIFICATION___CLUSTERING___ASSOCIATION_TECHNIQUES_concept:association_rules,IS_SUBCONCEPT_OF,CLASSIFICATION___CLUSTERING___ASSOCIATION_TECHNIQUES_topic:data_mining,4,3
Doc_001,CLASSIFICATION___CLUSTERING___ASSOCIATION_TECHNIQUES_concept:decision_trees,IS_SUBCONCEPT_OF,CLASSIFICATION___CLUSTERING___ASSOCIATION_TECHNIQUES_concept:classification,4,3
Doc_001,CLASSIFICATION___CLUSTERING___ASSOCIATION_TECHNIQUES_concept:bayes_classification,IS_SUBCONCEPT_OF,CLASSIFICATION___CLUSTERING___ASSOCIATION_TECHNIQUES_concept:classification,4,3
Doc_001,CLASSIFICATION___CLUSTERING___ASSOCIATION_TECHNIQUES_concept:evaluation_metrics,NEXT,CLASSIFICATION___CLUSTERING___ASSOCIATION_TECHNIQUES_concept:classification,3,2
Doc_001,CLASSIFICATION___CLUSTERING___ASSOCIATION_TECHNIQUES_resource:company_churn_demo,SIMILAR_TO,CLASSIFICATION___CLUSTERING___ASSOCIATION_TECHNIQUES_concept:classification,3,2
Doc_001,CLASSIFICATION___CLUSTERING___ASSOCIATION_TECHNIQUES_concept:k_means,IS_SUBCONCEPT_OF,CLASSIFICATION___CLUSTERING___ASSOCIATION_TECHNIQUES_concept:clustering,4,3
Doc_001,CLASSIFICATION___CLUSTERING___ASSOCIATION_TECHNIQUES_concept:hierarchical_clustering,IS_SUBCONCEPT_OF,CLASSIFICATION___CLUSTERING___ASSOCIATION_TECHNIQUES_concept:clustering,4,3
Doc_001,CLASSIFICATION___CLUSTERING___ASSOCIATION_TECHNIQUES_concept:density_based_clustering,IS_SUBCONCEPT_OF,CLASSIFICATION___CLUSTERING___ASSOCIATION_TECHNIQUES_concept:clustering,4,3
Doc_001,CLASSIFICATION___CLUSTERING___ASSOCIATION_TECHNIQUES_concept:dbscan,IS_SUBCONCEPT_OF,CLASSIFICATION___CLUSTERING___ASSOCIATION_TECHNIQUES_concept:density_based_clustering,4,3
Doc_001,CLASSIFICATION___CLUSTERING___ASSOCIATION_TECHNIQUES_concept:support,IS_SUBCONCEPT_OF,CLASSIFICATION___CLUSTERING___ASSOCIATION_TECHNIQUES_concept:association_rules,4,3
Doc_001,CLASSIFICATION___CLUSTERING___ASSOCIATION_TECHNIQUES_concept:confidence,IS_SUBCONCEPT_OF,CLASSIFICATION___CLUSTERING___ASSOCIATION_TECHNIQUES_concept:association_rules,4,3
Doc_001,CLASSIFICATION___CLUSTERING___ASSOCIATION_TECHNIQUES_concept:confidence,REQUIRES,CLASSIFICATION___CLUSTERING___ASSOCIATION_TECHNIQUES_concept:support,5,5
Doc_001,CLASSIFICATION___CLUSTERING___ASSOCIATION_TECHNIQUES_resource:basket_analysis_demo,SIMILAR_TO,CLASSIFICATION___CLUSTERING___ASSOCIATION_TECHNIQUES_concept:association_rules,3,2
Doc_001,CLASSIFICATION___CLUSTERING___ASSOCIATION_TECHNIQUES_resource:sales_and_marketing_expenses_demo,SIMILAR_TO,CLASSIFICATION___CLUSTERING___ASSOCIATION_TECHNIQUES_concept:association_rules,3,2
Doc_001,CLASSIFICATION___CLUSTERING___ASSOCIATION_TECHNIQUES_concept:classification,REQUIRES,CLASSIFICATION___CLUSTERING___ASSOCIATION_TECHNIQUES_concept:data_preprocessing,5,5
Doc_001,CLASSIFICATION___CLUSTERING___ASSOCIATION_TECHNIQUES_concept:clustering,REQUIRES,CLASSIFICATION___CLUSTERING___ASSOCIATION_TECHNIQUES_concept:data_preprocessing,5,5
Doc_001,CLASSIFICATION___CLUSTERING___ASSOCIATION_TECHNIQUES_concept:association_rules,REQUIRES,CLASSIFICATION___CLUSTERING___ASSOCIATION_TECHNIQUES_concept:data_preprocessing,5,5
Doc_001,CLASSIFICATION___CLUSTERING___ASSOCIATION_TECHNIQUES_concept:bayes_classification,REQUIRES,CLASSIFICATION___CLUSTERING___ASSOCIATION_TECHNIQUES_concept:probability,5,5
Doc_001,CLASSIFICATION___CLUSTERING___ASSOCIATION_TECHNIQUES_concept:probability,REQUIRES,CLASSIFICATION___CLUSTERING___ASSOCIATION_TECHNIQUES_concept:data_preprocessing,5,5
Data_Preprocessing_Lecture,DATA_PRE_PROCESSING_concept:mean,IS_SUBCONCEPT_OF,DATA_PRE_PROCESSING_topic:data_preprocessing,3,2
Data_Preprocessing_Lecture,DATA_PRE_PROCESSING_concept:median,IS_SUBCONCEPT_OF,DATA_PRE_PROCESSING_topic:data_preprocessing,3,2
Data_Preprocessing_Lecture,DATA_PRE_PROCESSING_concept:mode,IS_SUBCONCEPT_OF,DATA_PRE_PROCESSING_topic:data_preprocessing,3,2
Data_Preprocessing_Lecture,DATA_PRE_PROCESSING_concept:midrange,IS_SUBCONCEPT_OF,DATA_PRE_PROCESSING_topic:data_preprocessing,3,2
Data_Preprocessing_Lecture,DATA_PRE_PROCESSING_concept:range,IS_SUBCONCEPT_OF,DATA_PRE_PROCESSING_topic:data_preprocessing,3,2
Data_Preprocessing_Lecture,DATA_PRE_PROCESSING_concept:quartiles,IS_SUBCONCEPT_OF,DATA_PRE_PROCESSING_topic:data_preprocessing,3,2
Data_Preprocessing_Lecture,DATA_PRE_PROCESSING_concept:interquartile_range,IS_SUBCONCEPT_OF,DATA_PRE_PROCESSING_topic:data_preprocessing,3,2
Data_Preprocessing_Lecture,DATA_PRE_PROCESSING_concept:variance,IS_SUBCONCEPT_OF,DATA_PRE_PROCESSING_topic:data_preprocessing,3,2
Data_Preprocessing_Lecture,DATA_PRE_PROCESSING_concept:standard_deviation,IS_SUBCONCEPT_OF,DATA_PRE_PROCESSING_topic:data_preprocessing,3,2
Data_Preprocessing_Lecture,DATA_PRE_PROCESSING_concept:bar_chart,IS_SUBCONCEPT_OF,DATA_PRE_PROCESSING_topic:data_preprocessing,3,2
Data_Preprocessing_Lecture,DATA_PRE_PROCESSING_concept:pie_chart,IS_SUBCONCEPT_OF,DATA_PRE_PROCESSING_topic:data_preprocessing,3,2
Data_Preprocessing_Lecture,DATA_PRE_PROCESSING_concept:line_chart,IS_SUBCONCEPT_OF,DATA_PRE_PROCESSING_topic:data_preprocessing,3,2
Data_Preprocessing_Lecture,DATA_PRE_PROCESSING_concept:histogram,IS_SUBCONCEPT_OF,DATA_PRE_PROCESSING_topic:data_preprocessing,3,2
Data_Preprocessing_Lecture,DATA_PRE_PROCESSING_concept:scatter_plot,IS_SUBCONCEPT_OF,DATA_PRE_PROCESSING_topic:data_preprocessing,3,2
Data_Preprocessing_Lecture,DATA_PRE_PROCESSING_concept:data_cleaning,IS_SUBCONCEPT_OF,DATA_PRE_PROCESSING_topic:data_preprocessing,3,2
Data_Preprocessing_Lecture,DATA_PRE_PROCESSING_concept:data_integration,IS_SUBCONCEPT_OF,DATA_PRE_PROCESSING_topic:data_preprocessing,3,2
Data_Preprocessing_Lecture,DATA_PRE_PROCESSING_concept:data_reduction,IS_SUBCONCEPT_OF,DATA_PRE_PROCESSING_topic:data_preprocessing,3,2
Data_Preprocessing_Lecture,DATA_PRE_PROCESSING_concept:data_transformation,IS_SUBCONCEPT_OF,DATA_PRE_PROCESSING_topic:data_preprocessing,3,2
Data_Preprocessing_Lecture,DATA_PRE_PROCESSING_concept:skewed_data,IS_SUBCONCEPT_OF,DATA_PRE_PROCESSING_topic:data_preprocessing,3,2
Data_Preprocessing_Lecture,DATA_PRE_PROCESSING_concept:skewed_data_normalization,IS_SUBCONCEPT_OF,DATA_PRE_PROCESSING_topic:data_preprocessing,3,2
Data_Preprocessing_Lecture,DATA_PRE_PROCESSING_concept:mean,NEXT,DATA_PRE_PROCESSING_concept:median,3,2
Data_Preprocessing_Lecture,DATA_PRE_PROCESSING_concept:median,NEXT,DATA_PRE_PROCESSING_concept:mode,3,2
Data_Preprocessing_Lecture,DATA_PRE_PROCESSING_concept:mode,NEXT,DATA_PRE_PROCESSING_concept:midrange,3,2
Data_Preprocessing_Lecture,DATA_PRE_PROCESSING_concept:midrange,NEXT,DATA_PRE_PROCESSING_concept:range,3,2
Data_Preprocessing_Lecture,DATA_PRE_PROCESSING_concept:range,NEXT,DATA_PRE_PROCESSING_concept:quartiles,3,2
Data_Preprocessing_Lecture,DATA_PRE_PROCESSING_concept:quartiles,NEXT,DATA_PRE_PROCESSING_concept:interquartile_range,3,2
Data_Preprocessing_Lecture,DATA_PRE_PROCESSING_concept:interquartile_range,NEXT,DATA_PRE_PROCESSING_concept:variance,3,2
Data_Preprocessing_Lecture,DATA_PRE_PROCESSING_concept:variance,NEXT,DATA_PRE_PROCESSING_concept:standard_deviation,3,2
Data_Preprocessing_Lecture,DATA_PRE_PROCESSING_concept:standard_deviation,NEXT,DATA_PRE_PROCESSING_concept:bar_chart,3,2
Data_Preprocessing_Lecture,DATA_PRE_PROCESSING_concept:bar_chart,NEXT,DATA_PRE_PROCESSING_concept:pie_chart,3,2
Data_Preprocessing_Lecture,DATA_PRE_PROCESSING_concept:pie_chart,NEXT,DATA_PRE_PROCESSING_concept:line_chart,3,2
Data_Preprocessing_Lecture,DATA_PRE_PROCESSING_concept:line_chart,NEXT,DATA_PRE_PROCESSING_concept:histogram,3,2
Data_Preprocessing_Lecture,DATA_PRE_PROCESSING_concept:histogram,NEXT,DATA_PRE_PROCESSING_concept:scatter_plot,3,2
Data_Preprocessing_Lecture,DATA_PRE_PROCESSING_concept:scatter_plot,NEXT,DATA_PRE_PROCESSING_concept:data_cleaning,3,2
Data_Preprocessing_Lecture,DATA_PRE_PROCESSING_concept:data_cleaning,NEXT,DATA_PRE_PROCESSING_concept:data_integration,3,2
Data_Preprocessing_Lecture,DATA_PRE_PROCESSING_concept:data_integration,NEXT,DATA_PRE_PROCESSING_concept:data_reduction,3,2
Data_Preprocessing_Lecture,DATA_PRE_PROCESSING_concept:data_reduction,NEXT,DATA_PRE_PROCESSING_concept:data_transformation,3,2
Data_Preprocessing_Lecture,DATA_PRE_PROCESSING_concept:data_transformation,NEXT,DATA_PRE_PROCESSING_concept:skewed_data,3,2
Data_Preprocessing_Lecture,DATA_PRE_PROCESSING_concept:skewed_data,NEXT,DATA_PRE_PROCESSING_concept:skewed_data_normalization,3,2
Data_Preprocessing_Lecture,DATA_PRE_PROCESSING_concept:variance,REQUIRES,DATA_PRE_PROCESSING_concept:mean,5,5
Data_Preprocessing_Lecture,DATA_PRE_PROCESSING_concept:standard_deviation,REQUIRES,DATA_PRE_PROCESSING_concept:variance,5,5
Data_Preprocessing_Lecture,DATA_PRE_PROCESSING_concept:interquartile_range,REQUIRES,DATA_PRE_PROCESSING_concept:quartiles,5,5
Data_Preprocessing_Lecture,DATA_PRE_PROCESSING_concept:skewed_data_normalization,REQUIRES,DATA_PRE_PROCESSING_concept:skewed_data,4,3
MIS_Managing_Digital_Firm_Ch4,ETHICAL_AND_SOCIAL_ISSUES_topic:ethical_and_social_issues_in_information_systems,IS_SUBCONCEPT_OF,ETHICAL_AND_SOCIAL_ISSUES_concept:ethics,4,3
MIS_Managing_Digital_Firm_Ch4,ETHICAL_AND_SOCIAL_ISSUES_topic:ethical_and_social_issues_in_information_systems,IS_SUBCONCEPT_OF,ETHICAL_AND_SOCIAL_ISSUES_concept:information_rights_and_obligations,4,3
MIS_Managing_Digital_Firm_Ch4,ETHICAL_AND_SOCIAL_ISSUES_topic:ethical_and_social_issues_in_information_systems,IS_SUBCONCEPT_OF,ETHICAL_AND_SOCIAL_ISSUES_concept:property_rights_and_obligations,4,3
MIS_Managing_Digital_Firm_Ch4,ETHICAL_AND_SOCIAL_ISSUES_topic:ethical_and_social_issues_in_information_systems,IS_SUBCONCEPT_OF,ETHICAL_AND_SOCIAL_ISSUES_concept:accountability_and_control,4,3
MIS_Managing_Digital_Firm_Ch4,ETHICAL_AND_SOCIAL_ISSUES_topic:ethical_and_social_issues_in_information_systems,IS_SUBCONCEPT_OF,ETHICAL_AND_SOCIAL_ISSUES_concept:system_quality,4,3
MIS_Managing_Digital_Firm_Ch4,ETHICAL_AND_SOCIAL_ISSUES_topic:ethical_and_social_issues_in_information_systems,IS_SUBCONCEPT_OF,ETHICAL_AND_SOCIAL_ISSUES_concept:quality_of_life,4,3
MIS_Managing_Digital_Firm_Ch4,ETHICAL_AND_SOCIAL_ISSUES_concept:ethics,IS_PREREQUISITE_OF,ETHICAL_AND_SOCIAL_ISSUES_concept:information_rights_and_obligations,5,4
MIS_Managing_Digital_Firm_Ch4,ETHICAL_AND_SOCIAL_ISSUES_concept:ethics,IS_PREREQUISITE_OF,ETHICAL_AND_SOCIAL_ISSUES_concept:property_rights_and_obligations,5,4
MIS_Managing_Digital_Firm_Ch4,ETHICAL_AND_SOCIAL_ISSUES_concept:ethics,IS_PREREQUISITE_OF,ETHICAL_AND_SOCIAL_ISSUES_concept:accountability_and_control,5,4
MIS_Managing_Digital_Firm_Ch4,ETHICAL_AND_SOCIAL_ISSUES_concept:ethics,IS_PREREQUISITE_OF,ETHICAL_AND_SOCIAL_ISSUES_concept:system_quality,5,4
MIS_Managing_Digital_Firm_Ch4,ETHICAL_AND_SOCIAL_ISSUES_concept:ethics,IS_PREREQUISITE_OF,ETHICAL_AND_SOCIAL_ISSUES_concept:quality_of_life,5,4
MIS_Managing_Digital_Firm_Ch4,ETHICAL_AND_SOCIAL_ISSUES_concept:information_rights_and_obligations,IS_SUBCONCEPT_OF,ETHICAL_AND_SOCIAL_ISSUES_concept:privacy,4,3
MIS_Managing_Digital_Firm_Ch4,ETHICAL_AND_SOCIAL_ISSUES_concept:property_rights_and_obligations,IS_SUBCONCEPT_OF,ETHICAL_AND_SOCIAL_ISSUES_concept:intellectual_property,4,3
MIS_Managing_Digital_Firm_Ch4,ETHICAL_AND_SOCIAL_ISSUES_concept:ethics,IS_PREREQUISITE_OF,ETHICAL_AND_SOCIAL_ISSUES_concept:ethical_analysis,5,4
MIS_Managing_Digital_Firm_Ch4,ETHICAL_AND_SOCIAL_ISSUES_concept:ethical_analysis,REQUIRES,ETHICAL_AND_SOCIAL_ISSUES_concept:ethics,4,3
Foundations_of_Business_Intelligence_Databases_and_Information_Management,FOUNDATION_BI_concept:database,REQUIRES,FOUNDATION_BI_concept:dbms,5,5
Foundations_of_Business_Intelligence_Databases_and_Information_Management,FOUNDATION_BI_concept:dbms,IS_PREREQUISITE_OF,FOUNDATION_BI_concept:relational_dbms,4,4
Foundations_of_Business_Intelligence_Databases_and_Information_Management,FOUNDATION_BI_concept:relational_dbms,NEXT,FOUNDATION_BI_concept:data_warehouse,3,2
Foundations_of_Business_Intelligence_Databases_and_Information_Management,FOUNDATION_BI_concept:data_mining,REQUIRES,FOUNDATION_BI_concept:database,5,5
Foundations_of_Business_Intelligence_Databases_and_Information_Management,FOUNDATION_BI_concept:business_intelligence,REQUIRES,FOUNDATION_BI_concept:database,5,5
Foundations_of_Business_Intelligence_Databases_and_Information_Management,FOUNDATION_BI_concept:information_policy,REQUIRES,FOUNDATION_BI_concept:database,4,4
Foundations_of_Business_Intelligence_Databases_and_Information_Management,FOUNDATION_BI_concept:big_data,REQUIRES,FOUNDATION_BI_concept:database,3,3
Foundations_of_Business_Intelligence_Databases_and_Information_Management,FOUNDATION_BI_concept:data_warehouse,REQUIRES,FOUNDATION_BI_concept:dbms,4,4
IT_Infrastructure_and_Emerging_Technologies,IT_INFRASTRUCTURE_AND_EMERGING_TECHNOLOGIES_concept:cloud_computing,REQUIRES,IT_INFRASTRUCTURE_AND_EMERGING_TECHNOLOGIES_concept:it_infrastructure,5,5
IT_Infrastructure_and_Emerging_Technologies,IT_INFRASTRUCTURE_AND_EMERGING_TECHNOLOGIES_concept:virtualization,REQUIRES,IT_INFRASTRUCTURE_AND_EMERGING_TECHNOLOGIES_concept:it_infrastructure,4,4
IT_Infrastructure_and_Emerging_Technologies,IT_INFRASTRUCTURE_AND_EMERGING_TECHNOLOGIES_concept:service_oriented_architecture,REQUIRES,IT_INFRASTRUCTURE_AND_EMERGING_TECHNOLOGIES_concept:it_infrastructure,3,3
IT_Infrastructure_and_Emerging_Technologies,IT_INFRASTRUCTURE_AND_EMERGING_TECHNOLOGIES_concept:moores_law,IS_PREREQUISITE_OF,IT_INFRASTRUCTURE_AND_EMERGING_TECHNOLOGIES_concept:it_infrastructure,3,3
MIS_Chapter_11,MANAGING_KNOWLEDGE_AND_AI_concept:artificial_intelligence,IS_SUBCONCEPT_OF,MANAGING_KNOWLEDGE_AND_AI_concept:machine_learning,4,3
MIS_Chapter_11,MANAGING_KNOWLEDGE_AND_AI_concept:artificial_intelligence,IS_SUBCONCEPT_OF,MANAGING_KNOWLEDGE_AND_AI_concept:expert_systems,4,3
MIS_Chapter_11,MANAGING_KNOWLEDGE_AND_AI_concept:artificial_intelligence,IS_SUBCONCEPT_OF,MANAGING_KNOWLEDGE_AND_AI_concept:neural_networks,4,3
MIS_Chapter_11,MANAGING_KNOWLEDGE_AND_AI_concept:artificial_intelligence,IS_SUBCONCEPT_OF,MANAGING_KNOWLEDGE_AND_AI_concept:genetic_algorithms,4,3
MIS_Chapter_11,MANAGING_KNOWLEDGE_AND_AI_concept:artificial_intelligence,IS_SUBCONCEPT_OF,MANAGING_KNOWLEDGE_AND_AI_concept:natural_language_processing,4,3
MIS_Chapter_11,MANAGING_KNOWLEDGE_AND_AI_concept:artificial_intelligence,IS_SUBCONCEPT_OF,MANAGING_KNOWLEDGE_AND_AI_concept:computer_vision_systems,4,3
MIS_Chapter_11,MANAGING_KNOWLEDGE_AND_AI_concept:artificial_intelligence,IS_SUBCONCEPT_OF,MANAGING_KNOWLEDGE_AND_AI_concept:robotics,4,3
MIS_Chapter_11,MANAGING_KNOWLEDGE_AND_AI_concept:artificial_intelligence,IS_SUBCONCEPT_OF,MANAGING_KNOWLEDGE_AND_AI_concept:intelligent_agents,4,3
MIS_Chapter_11,MANAGING_KNOWLEDGE_AND_AI_concept:knowledge_management,REQUIRES,MANAGING_KNOWLEDGE_AND_AI_concept:knowledge,5,5
MIS_Chapter_11,MANAGING_KNOWLEDGE_AND_AI_concept:tacit_knowledge,IS_SUBCONCEPT_OF,MANAGING_KNOWLEDGE_AND_AI_concept:knowledge,4,3
MIS_Chapter_11,MANAGING_KNOWLEDGE_AND_AI_concept:explicit_knowledge,IS_SUBCONCEPT_OF,MANAGING_KNOWLEDGE_AND_AI_concept:knowledge,4,3
MIS_Chapter_11,MANAGING_KNOWLEDGE_AND_AI_concept:knowledge_management_value_chain,IS_SUBCONCEPT_OF,MANAGING_KNOWLEDGE_AND_AI_concept:knowledge_management,4,3
MIS_Chapter_11,MANAGING_KNOWLEDGE_AND_AI_concept:knowledge_acquisition,NEXT,MANAGING_KNOWLEDGE_AND_AI_concept:knowledge_storage,3,2
MIS_Chapter_11,MANAGING_KNOWLEDGE_AND_AI_concept:knowledge_storage,NEXT,MANAGING_KNOWLEDGE_AND_AI_concept:knowledge_dissemination,3,2
MIS_Chapter_11,MANAGING_KNOWLEDGE_AND_AI_concept:knowledge_dissemination,NEXT,MANAGING_KNOWLEDGE_AND_AI_concept:knowledge_application,3,2
MIS_Chapter_11,MANAGING_KNOWLEDGE_AND_AI_concept:knowledge_application,REQUIRES,MANAGING_KNOWLEDGE_AND_AI_concept:knowledge_acquisition,4,3
MIS_Chapter_11,MANAGING_KNOWLEDGE_AND_AI_concept:knowledge_application,REQUIRES,MANAGING_KNOWLEDGE_AND_AI_concept:knowledge_storage,4,3
MIS_Chapter_11,MANAGING_KNOWLEDGE_AND_AI_concept:knowledge_application,REQUIRES,MANAGING_KNOWLEDGE_AND_AI_concept:knowledge_dissemination,4,3
MIS_Chapter_11,MANAGING_KNOWLEDGE_AND_AI_concept:knowledge_work_systems,IS_SUBCONCEPT_OF,MANAGING_KNOWLEDGE_AND_AI_concept:knowledge_management,4,3
MIS_Chapter_11,MANAGING_KNOWLEDGE_AND_AI_concept:computer_aided_design,IS_SUBCONCEPT_OF,MANAGING_KNOWLEDGE_AND_AI_concept:knowledge_work_systems,4,3
MIS_Chapter_11,MANAGING_KNOWLEDGE_AND_AI_concept:virtual_reality_systems,IS_SUBCONCEPT_OF,MANAGING_KNOWLEDGE_AND_AI_concept:knowledge_work_systems,4,3
MIS_Chapter_11,MANAGING_KNOWLEDGE_AND_AI_concept:enterprise_content_management_systems,IS_SUBCONCEPT_OF,MANAGING_KNOWLEDGE_AND_AI_concept:knowledge_management,4,3
MIS_Chapter_11,MANAGING_KNOWLEDGE_AND_AI_concept:learning_management_systems,IS_SUBCONCEPT_OF,MANAGING_KNOWLEDGE_AND_AI_concept:knowledge_management,4,3
MIS_Chapter_11,MANAGING_KNOWLEDGE_AND_AI_concept:neural_networks,REQUIRES,MANAGING_KNOWLEDGE_AND_AI_concept:machine_learning,4,3
MSSQL-Data-Aggregation,AGGREGATION_concept:aggregate_functions,REQUIRES,AGGREGATION_concept:grouping,5,5
MSSQL-Data-Aggregation,AGGREGATION_concept:having_clause,REQUIRES,AGGREGATION_concept:aggregate_functions,5,5
MSSQL-Data-Aggregation,AGGREGATION_concept:having_clause,REQUIRES,AGGREGATION_concept:grouping,4,4
MSSQL_Functions,BUILT_IN_FUNCTION_concept:string_functions,REQUIRES,BUILT_IN_FUNCTION_concept:sql_basics,5,5
MSSQL_Functions,BUILT_IN_FUNCTION_concept:math_functions,REQUIRES,BUILT_IN_FUNCTION_concept:sql_basics,5,5
MSSQL_Functions,BUILT_IN_FUNCTION_concept:date_functions,REQUIRES,BUILT_IN_FUNCTION_concept:sql_basics,5,5
MSSQL_Functions,BUILT_IN_FUNCTION_concept:other_functions,REQUIRES,BUILT_IN_FUNCTION_concept:sql_basics,5,5
MSSQL_Functions,BUILT_IN_FUNCTION_concept:wildcards,REQUIRES,BUILT_IN_FUNCTION_concept:sql_basics,5,5
MSSQL_Functions,BUILT_IN_FUNCTION_concept:string_functions,NEXT,BUILT_IN_FUNCTION_concept:math_functions,3,2
MSSQL_Functions,BUILT_IN_FUNCTION_concept:math_functions,NEXT,BUILT_IN_FUNCTION_concept:date_functions,3,2
MSSQL_Functions,BUILT_IN_FUNCTION_concept:date_functions,NEXT,BUILT_IN_FUNCTION_concept:other_functions,3,2
MSSQL_Functions,BUILT_IN_FUNCTION_concept:other_functions,NEXT,BUILT_IN_FUNCTION_concept:wildcards,3,2
MSSQL_Functions,BUILT_IN_FUNCTION_concept:string_functions,SIMILAR_TO,BUILT_IN_FUNCTION_concept:wildcards,2,1
MSSQL_Functions,BUILT_IN_FUNCTION_concept:math_functions,SIMILAR_TO,BUILT_IN_FUNCTION_concept:other_functions,2,1
MSSQL_Functions,BUILT_IN_FUNCTION_concept:date_functions,SIMILAR_TO,BUILT_IN_FUNCTION_concept:other_functions,2,1
MSSQL-Basic-CRUD,CRUD_concept:sql_select,REQUIRES,CRUD_concept:filtering_and_sorting,4,4
MSSQL-Basic-CRUD,CRUD_concept:sql_select,IS_PREREQUISITE_OF,CRUD_concept:sql_insert,3,3
MSSQL-Basic-CRUD,CRUD_concept:sql_select,IS_PREREQUISITE_OF,CRUD_concept:sql_update,3,3
MSSQL-Basic-CRUD,CRUD_concept:sql_select,IS_PREREQUISITE_OF,CRUD_concept:sql_delete,3,3
MSSQL-Basic-CRUD,CRUD_concept:views,REQUIRES,CRUD_concept:sql_select,5,5
MSSQL-Basic-CRUD,CRUD_concept:sequences,REQUIRES,CRUD_concept:sql_insert,4,4
MSSQL-Basic-CRUD,CRUD_concept:sql_select,IS_SUBCONCEPT_OF,CRUD_concept:t_sql,3,3
MSSQL-Basic-CRUD,CRUD_concept:sql_insert,IS_SUBCONCEPT_OF,CRUD_concept:t_sql,3,3
MSSQL-Basic-CRUD,CRUD_concept:sql_update,IS_SUBCONCEPT_OF,CRUD_concept:t_sql,3,3
MSSQL-Basic-CRUD,CRUD_concept:sql_delete,IS_SUBCONCEPT_OF,CRUD_concept:t_sql,3,3
MSSQL-Data-Definition-And-Datatypes,DATA_DEFINITION_lesson:database_modeling,REQUIRES,DATA_DEFINITION_concept:data_types_in_sql_server,5,5
MSSQL-Data-Definition-And-Datatypes,DATA_DEFINITION_lesson:basic_sql_queries,REQUIRES,DATA_DEFINITION_lesson:database_modeling,4,4
MSSQL-Data-Definition-And-Datatypes,DATA_DEFINITION_lesson:table_customization,REQUIRES,DATA_DEFINITION_lesson:basic_sql_queries,4,4
MSSQL-Data-Definition-And-Datatypes,DATA_DEFINITION_lesson:deleting_data_and_structures,REQUIRES,DATA_DEFINITION_lesson:table_customization,3,3
MSSQL-Data-Definition-And-Datatypes,DATA_DEFINITION_lesson:database_modeling,NEXT,DATA_DEFINITION_lesson:basic_sql_queries,3,2
MSSQL-Data-Definition-And-Datatypes,DATA_DEFINITION_lesson:basic_sql_queries,NEXT,DATA_DEFINITION_lesson:table_customization,3,2
MSSQL-Data-Definition-And-Datatypes,DATA_DEFINITION_lesson:table_customization,NEXT,DATA_DEFINITION_lesson:deleting_data_and_structures,3,2
doc1,JOIN_concept:inner_join,IS_SUBCONCEPT_OF,JOIN_concept:joins,4,3
doc1,JOIN_concept:left_outer_join,IS_SUBCONCEPT_OF,JOIN_concept:joins,4,3
doc1,JOIN_concept:right_outer_join,IS_SUBCONCEPT_OF,JOIN_concept:joins,4,3
doc1,JOIN_concept:full_outer_join,IS_SUBCONCEPT_OF,JOIN_concept:joins,4,3
doc1,JOIN_concept:cross_join,IS_SUBCONCEPT_OF,JOIN_concept:joins,4,3
doc1,JOIN_concept:subqueries,REQUIRES,JOIN_concept:select_statement,5,5
doc1,JOIN_concept:cte,REQUIRES,JOIN_concept:subqueries,4,4
doc1,JOIN_concept:joins,NEXT,JOIN_concept:subqueries,3,2
doc1,JOIN_concept:subqueries,NEXT,JOIN_concept:cte,3,2
doc1,JOIN_concept:cte,NEXT,JOIN_concept:indices,3,2
MSSQL_Lecture_1,TRIG_TRAN_concept:user_defined_function,NEXT,TRIG_TRAN_concept:transaction,3,1
MSSQL_Lecture_1,TRIG_TRAN_concept:transaction,NEXT,TRIG_TRAN_concept:stored_procedure,3,1
MSSQL_Lecture_1,TRIG_TRAN_concept:stored_procedure,NEXT,TRIG_TRAN_concept:trigger,3,1
MSSQL_Lecture_1,TRIG_TRAN_concept:scalar_function,IS_SUBCONCEPT_OF,TRIG_TRAN_concept:user_defined_function,4,3
MSSQL_Lecture_1,TRIG_TRAN_concept:table_valued_function,IS_SUBCONCEPT_OF,TRIG_TRAN_concept:user_defined_function,4,3
MSSQL_Lecture_1,TRIG_TRAN_concept:aggregate_function,IS_SUBCONCEPT_OF,TRIG_TRAN_concept:user_defined_function,4,3
MSSQL_Lecture_1,TRIG_TRAN_concept:acid_properties,IS_SUBCONCEPT_OF,TRIG_TRAN_concept:transaction,4,3
MSSQL_Lecture_1,TRIG_TRAN_concept:atomicity,IS_SUBCONCEPT_OF,TRIG_TRAN_concept:acid_properties,4,3
MSSQL_Lecture_1,TRIG_TRAN_concept:consistency,IS_SUBCONCEPT_OF,TRIG_TRAN_concept:acid_properties,4,3
MSSQL_Lecture_1,TRIG_TRAN_concept:isolation,IS_SUBCONCEPT_OF,TRIG_TRAN_concept:acid_properties,4,3
MSSQL_Lecture_1,TRIG_TRAN_concept:durability,IS_SUBCONCEPT_OF,TRIG_TRAN_concept:acid_properties,4,3
MSSQL_Lecture_1,TRIG_TRAN_concept:trigger,SIMILAR_TO,TRIG_TRAN_concept:stored_procedure,2,1
MSSQL_Lecture_1,TRIG_TRAN_concept:user_defined_function,SIMILAR_TO,TRIG_TRAN_concept:stored_procedure,2,1
MSSQL_Lecture_1,TRIG_TRAN_concept:after_trigger,IS_SUBCONCEPT_OF,TRIG_TRAN_concept:trigger,4,3
MSSQL_Lecture_1,TRIG_TRAN_concept:instead_of_trigger,IS_SUBCONCEPT_OF,TRIG_TRAN_concept:trigger,4,3
